﻿<parameters>
  <parameter name="IIS Web Application Name" defaultValue="Default Web Site/MvcApplication2_deploy" tags="IisApp">
    <parameterEntry kind="ProviderPath" scope="IisApp" match="^D:\\programowanie\\MvcApplication2\\MvcApplication2\\obj\\Debug\\Package\\PackageTmp$" />
    <parameterEntry kind="ProviderPath" scope="setAcl" match="^D:\\programowanie\\MvcApplication2\\MvcApplication2\\obj\\Debug\\Package\\PackageTmp$" />
  </parameter>
  <parameter name="Add write permission to App_Data Folder" description="Add write permission to App_Data folder" defaultValue="{IIS Web Application Name}/App_Data" tags="Hidden">
    <parameterEntry kind="ProviderPath" scope="setAcl" match="^D:\\programowanie\\MvcApplication2\\MvcApplication2\\obj\\Debug\\Package\\PackageTmp\\App_Data$" />
  </parameter>
  <parameter name="MovieDBContext-Web.config Connection String" description="MovieDBContext Connection String used in web.config by the application to access the database." defaultValue="Data Source=|DataDirectory|Movies.sdf" tags="SqlConnectionString">
    <parameterEntry kind="XmlFile" scope="D:\\programowanie\\MvcApplication2\\MvcApplication2\\obj\\Debug\\Package\\PackageTmp\\Web\.config$" match="/configuration/connectionStrings/add[@name='MovieDBContext']/@connectionString" />
  </parameter>
  <parameter name="ApplicationServices-Web.config Connection String" description="ApplicationServices Connection String used in web.config by the application to access the database." defaultValue="data source=.\SQLEXPRESS;Integrated Security=SSPI;AttachDBFilename=|DataDirectory|\aspnetdb.mdf;User Instance=true" tags="SqlConnectionString">
    <parameterEntry kind="XmlFile" scope="D:\\programowanie\\MvcApplication2\\MvcApplication2\\obj\\Debug\\Package\\PackageTmp\\Web\.config$" match="/configuration/connectionStrings/add[@name='ApplicationServices']/@connectionString" />
  </parameter>
</parameters>